[
 {
  "id": 1, 
  "responses": [
   [
    true, 
    "a"
   ], 
   [
    false, 
    "b"
   ]
  ], 
  "tags": [
   "foo"
  ], 
  "text": "qtext", 
  "type": "multiple-choice"
 }, 
 {
  "answer": "t", 
  "id": 2, 
  "tags": [
   "foo", 
   "bar"
  ], 
  "text": "q", 
  "type": "mind"
 }, 
 {
  "id": 3, 
  "number": 1.0, 
  "tags": [
   "a", 
   "foo"
  ], 
  "text": "qt", 
  "type": "sequence"
 }, 
 {
  "hints": [
   "hint ?questionmark"
  ], 
  "id": 4, 
  "tags": [
   "foo"
  ], 
  "text": "q with", 
  "type": "sequence"
 }, 
 {
  "id": 5, 
  "responses": [
   [
    false, 
    "a"
   ], 
   [
    true, 
    "b"
   ]
  ], 
  "tags": [], 
  "text": "mq", 
  "type": "multiple-choice"
 }, 
 {
  "id": 6, 
  "tags": [
   "c"
  ], 
  "text": "mcq", 
  "type": "sequence"
 }, 
 {
  "answer": "answer a = b", 
  "id": 7, 
  "tags": [], 
  "text": "mind", 
  "type": "mind"
 }, 
 {
  "id": 8, 
  "tags": [], 
  "text": "one", 
  "type": "sequence"
 }, 
 {
  "answer": "three", 
  "id": 9, 
  "tags": [], 
  "text": "two", 
  "type": "mind"
 }, 
 {
  "answer": "f", 
  "id": 10, 
  "tags": [], 
  "text": [
   "\u015braddh\u0101v\u0101~lla", 
   "\u0936\u094d\u0930\u0926\u094d\u0927\u093e\u0935\u093e\u0901\u0932\u094d\u0932"
  ], 
  "type": "mind"
 }, 
 {
  "answer": [
   "om", 
   "\u0950"
  ], 
  "id": 11, 
  "tags": [], 
  "text": "pranava", 
  "type": "mind"
 }, 
 {
  "answer": "&lt;p&gt;&lt;strong&gt;bold&lt;/strong&gt;&lt;/p&gt;", 
  "id": 12, 
  "tags": [], 
  "text": "&lt;p&gt;&lt;em&gt;emphasis&lt;/em&gt;&lt;/p&gt;", 
  "type": "mind"
 }
]